{
  "name": "root",
  "gauges": [
    {
      "name": "Ball Brain.mean_reward",
      "value": -1.1490001920610666,
      "min": -19.038001145469025,
      "max": -0.964424294751194,
      "count": 28
    }
  ],
  "total": 288.6400403,
  "count": 1,
  "self": 13.517553599998962,
  "children": [
    {
      "name": "TrainerController.advance",
      "total": 275.12248670000105,
      "count": 50001,
      "self": 59.45962530000156,
      "children": [
        {
          "name": "env_step",
          "total": 184.91860529999946,
          "count": 50001,
          "self": 150.14263339999653,
          "children": [
            {
              "name": "SubprocessEnvManager._take_step",
              "total": 34.22044969999888,
              "count": 50001,
              "self": 0.9233253999987241,
              "children": [
                {
                  "name": "PPOPolicy.evaluate",
                  "total": 33.297124300000156,
                  "count": 50001,
                  "self": 33.297124300000156
                }
              ]
            },
            {
              "name": "workers",
              "total": 0.5555222000040416,
              "count": 50001,
              "self": 0.0,
              "children": [
                {
                  "name": "worker_root",
                  "total": 284.4444086999967,
                  "count": 50001,
                  "is_parallel": true,
                  "self": 169.46652549999285,
                  "children": [
                    {
                      "name": "UnityEnvironment.step",
                      "total": 114.97788320000384,
                      "count": 50001,
                      "is_parallel": true,
                      "self": 20.58403030000224,
                      "children": [
                        {
                          "name": "UnityEnvironment._generate_step_input",
                          "total": 4.473249399997258,
                          "count": 50001,
                          "is_parallel": true,
                          "self": 4.473249399997258
                        },
                        {
                          "name": "communicator.exchange",
                          "total": 89.92060350000435,
                          "count": 50001,
                          "is_parallel": true,
                          "self": 89.92060350000435
                        }
                      ]
                    }
                  ]
                }
              ]
            }
          ]
        },
        {
          "name": "update_policy",
          "total": 30.744256100000044,
          "count": 72,
          "self": 22.196908699999746,
          "children": [
            {
              "name": "PPOPolicy.update",
              "total": 8.547347400000298,
              "count": 3456,
              "self": 8.547347400000298
            }
          ]
        }
      ]
    }
  ]
}