{
  "name": "root",
  "gauges": [
    {
      "name": "Ball Brain.mean_reward",
      "value": 0.2199999075382948,
      "min": -1.6507500862353481,
      "max": 2.1584999477490783,
      "count": 50
    }
  ],
  "total": 268.6823609,
  "count": 1,
  "self": 14.607657099999614,
  "children": [
    {
      "name": "TrainerController.advance",
      "total": 254.07470380000038,
      "count": 50001,
      "self": 42.850903099999556,
      "children": [
        {
          "name": "env_step",
          "total": 180.10946610000082,
          "count": 50001,
          "self": 147.1731287000026,
          "children": [
            {
              "name": "SubprocessEnvManager._take_step",
              "total": 32.372037299999405,
              "count": 50001,
              "self": 0.9281799000010977,
              "children": [
                {
                  "name": "PPOPolicy.evaluate",
                  "total": 31.443857399998308,
                  "count": 50001,
                  "self": 31.443857399998308
                }
              ]
            },
            {
              "name": "workers",
              "total": 0.5643000999988157,
              "count": 50001,
              "self": 0.0,
              "children": [
                {
                  "name": "worker_root",
                  "total": 265.1647945000001,
                  "count": 50001,
                  "is_parallel": true,
                  "self": 154.2754117999992,
                  "children": [
                    {
                      "name": "UnityEnvironment.step",
                      "total": 110.88938270000088,
                      "count": 50001,
                      "is_parallel": true,
                      "self": 21.33221300000376,
                      "children": [
                        {
                          "name": "UnityEnvironment._generate_step_input",
                          "total": 4.462052400001642,
                          "count": 50001,
                          "is_parallel": true,
                          "self": 4.462052400001642
                        },
                        {
                          "name": "communicator.exchange",
                          "total": 85.09511729999548,
                          "count": 50001,
                          "is_parallel": true,
                          "self": 85.09511729999548
                        }
                      ]
                    }
                  ]
                }
              ]
            }
          ]
        },
        {
          "name": "update_policy",
          "total": 31.114334600000017,
          "count": 29,
          "self": 23.518964399999863,
          "children": [
            {
              "name": "PPOPolicy.update",
              "total": 7.595370200000154,
              "count": 870,
              "self": 7.595370200000154
            }
          ]
        }
      ]
    }
  ]
}